Entity,Code,Year,Annual sea surface temperature anomalies,Annual sea surface temperature anomalies (lower bound),Annual sea surface temperature anomalies (upper bound)
Northern Hemisphere,,1850,-0.05377569,-0.12949374,-0.0016341782
Northern Hemisphere,,1851,0.065855436,-0.008648843,0.119838014
Northern Hemisphere,,1852,0.14943567,0.079158716,0.20090212
Northern Hemisphere,,1853,0.11939116,0.054713983,0.17238548
Northern Hemisphere,,1854,0.09642993,0.034544572,0.14908612
Northern Hemisphere,,1855,0.115259305,0.057101145,0.16714716
Northern Hemisphere,,1856,-0.08537232,-0.1415039,-0.034504708
Northern Hemisphere,,1857,-0.1207711,-0.17367034,-0.0707706
Northern Hemisphere,,1858,-0.16326103,-0.21229255,-0.112864055
Northern Hemisphere,,1859,-0.042234447,-0.0893869,0.008375371
Northern Hemisphere,,1860,0.00033611525,-0.04357584,0.048847068
Northern Hemisphere,,1861,-0.010964751,-0.053666208,0.037775945
Northern Hemisphere,,1862,-0.3098773,-0.34934968,-0.26371944
Northern Hemisphere,,1863,-0.11064078,-0.14814155,-0.061106328
Northern Hemisphere,,1864,-0.049253363,-0.08476967,-0.0036017327
Northern Hemisphere,,1865,0.11759963,0.08356621,0.1606301
Northern Hemisphere,,1866,0.07540162,0.040507305,0.1210286
Northern Hemisphere,,1867,0.117594466,0.08643371,0.16073558
Northern Hemisphere,,1868,0.22363818,0.18996768,0.2703685
Northern Hemisphere,,1869,0.09568549,0.058569014,0.14441329
Northern Hemisphere,,1870,0.16128114,0.12572159,0.21296033
Northern Hemisphere,,1871,0.0037788164,-0.030011943,0.05584759
Northern Hemisphere,,1872,-0.008240189,-0.040141106,0.03636545
Northern Hemisphere,,1873,-0.0732946,-0.10676743,-0.022518141
Northern Hemisphere,,1874,-0.115535475,-0.14698064,-0.060780838
Northern Hemisphere,,1875,-0.033076096,-0.069169804,0.028114133
Northern Hemisphere,,1876,-0.056747787,-0.092685446,0.0007571528
Northern Hemisphere,,1877,0.33770362,0.2993071,0.39539042
Northern Hemisphere,,1878,0.32586098,0.28934014,0.38923788
Northern Hemisphere,,1879,0.025421236,-0.015220791,0.0850078
Northern Hemisphere,,1880,0.013370317,-0.030145172,0.07049625
Northern Hemisphere,,1881,0.0365005,-0.007824063,0.099914566
Northern Hemisphere,,1882,-0.06255149,-0.11322651,-0.00076357636
Northern Hemisphere,,1883,-0.094309114,-0.14093003,-0.036819663
Northern Hemisphere,,1884,-0.17468826,-0.22463894,-0.11652625
Northern Hemisphere,,1885,-0.06659622,-0.11491249,-0.008227755
Northern Hemisphere,,1886,-0.10640733,-0.159635,-0.04566451
Northern Hemisphere,,1887,-0.1536146,-0.21036588,-0.093048535
Northern Hemisphere,,1888,0.07797031,0.020557543,0.13648182
Northern Hemisphere,,1889,0.10213209,0.04376664,0.15993051
Northern Hemisphere,,1890,-0.21802211,-0.27951676,-0.15589266
Northern Hemisphere,,1891,-0.0038647908,-0.06505101,0.0607569
Northern Hemisphere,,1892,-0.22494547,-0.28801104,-0.16059862
Northern Hemisphere,,1893,-0.26156205,-0.32987875,-0.1959735
Northern Hemisphere,,1894,-0.28330797,-0.35063073,-0.21873994
Northern Hemisphere,,1895,-0.1031997,-0.17551036,-0.036134426
Northern Hemisphere,,1896,0.09735752,0.023785967,0.16507183
Northern Hemisphere,,1897,0.08822413,0.014264671,0.15669256
Northern Hemisphere,,1898,-0.106544726,-0.18555291,-0.035435136
Northern Hemisphere,,1899,-0.053191952,-0.13399307,0.019509675
Northern Hemisphere,,1900,0.10587623,0.023946054,0.17993578
Northern Hemisphere,,1901,-0.064644985,-0.14927888,0.017273884
Northern Hemisphere,,1902,-0.20702745,-0.29491374,-0.12528141
Northern Hemisphere,,1903,-0.30876577,-0.40032053,-0.22342707
Northern Hemisphere,,1904,-0.39156798,-0.48439234,-0.30435857
Northern Hemisphere,,1905,-0.21646121,-0.31073734,-0.13330542
Northern Hemisphere,,1906,-0.15283729,-0.25130576,-0.0636352
Northern Hemisphere,,1907,-0.2663756,-0.3409398,-0.17453836
Northern Hemisphere,,1908,-0.34809202,-0.4103759,-0.2602031
Northern Hemisphere,,1909,-0.35358712,-0.40668097,-0.26846167
Northern Hemisphere,,1910,-0.37012732,-0.4290509,-0.29465866
Northern Hemisphere,,1911,-0.28927574,-0.35143292,-0.21649471
Northern Hemisphere,,1912,-0.24588886,-0.31235912,-0.17519484
Northern Hemisphere,,1913,-0.35903797,-0.42591542,-0.28992924
Northern Hemisphere,,1914,-0.16377784,-0.22510032,-0.08438932
Northern Hemisphere,,1915,-0.013525517,-0.07613175,0.06897575
Northern Hemisphere,,1916,-0.24483451,-0.30710062,-0.16299112
Northern Hemisphere,,1917,-0.2855832,-0.34794924,-0.20265827
Northern Hemisphere,,1918,-0.27989727,-0.34229895,-0.19159485
Northern Hemisphere,,1919,-0.2091823,-0.274765,-0.116574675
Northern Hemisphere,,1920,-0.15059845,-0.21771424,-0.057862554
Northern Hemisphere,,1921,-0.055473585,-0.12252272,0.041739814
Northern Hemisphere,,1922,-0.12307293,-0.191162,-0.027220404
Northern Hemisphere,,1923,-0.12414074,-0.19544406,-0.02621269
Northern Hemisphere,,1924,-0.07621678,-0.1459988,0.02673987
Northern Hemisphere,,1925,-0.048613545,-0.11795903,0.045877814
Northern Hemisphere,,1926,0.13125712,0.058667414,0.2282972
Northern Hemisphere,,1927,0.07466206,0.0028469546,0.17975949
Northern Hemisphere,,1928,0.007484638,-0.06522316,0.1110909
Northern Hemisphere,,1929,-0.053208802,-0.12737949,0.052910224
Northern Hemisphere,,1930,0.12437393,0.051833827,0.2323975
Northern Hemisphere,,1931,0.14494543,0.06836129,0.24671097
Northern Hemisphere,,1932,0.03096062,-0.04296503,0.13563004
Northern Hemisphere,,1933,-0.0024786135,-0.07145405,0.094889715
Northern Hemisphere,,1934,-0.0037946585,-0.07203849,0.09314256
Northern Hemisphere,,1935,0.026561158,-0.039376263,0.12259818
Northern Hemisphere,,1936,0.112782486,0.04384299,0.2053499
Northern Hemisphere,,1937,0.2477398,0.17979789,0.34256807
Northern Hemisphere,,1938,0.1127916,0.044361066,0.20555085
Northern Hemisphere,,1939,0.07636076,0.00431577,0.17539288
Northern Hemisphere,,1940,0.14376351,0.057964318,0.25629756
Northern Hemisphere,,1941,0.19087256,-0.033741854,0.410204
Northern Hemisphere,,1942,0.30646157,0.074424766,0.5171089
Northern Hemisphere,,1943,0.26421884,0.03293304,0.47500843
Northern Hemisphere,,1944,0.39756462,0.1682149,0.6089178
Northern Hemisphere,,1945,0.41085753,0.18192743,0.62093323
Northern Hemisphere,,1946,0.20521252,0.06180484,0.3530319
Northern Hemisphere,,1947,0.09865653,-0.047940355,0.2256229
Northern Hemisphere,,1948,0.14024997,0.0038375715,0.2616791
Northern Hemisphere,,1949,0.10695899,0.0017011913,0.21759053
Northern Hemisphere,,1950,0.1290547,0.04097457,0.21458904
Northern Hemisphere,,1951,0.29183766,0.22563086,0.36686605
Northern Hemisphere,,1952,0.29318008,0.2348241,0.37100083
Northern Hemisphere,,1953,0.30073547,0.24015272,0.3742029
Northern Hemisphere,,1954,0.14143923,0.07785165,0.21246922
Northern Hemisphere,,1955,0.0791071,0.014022191,0.1470644
Northern Hemisphere,,1956,0.010252611,-0.056833927,0.0782273
Northern Hemisphere,,1957,0.2291455,0.16225867,0.29043072
Northern Hemisphere,,1958,0.31094164,0.25014564,0.37604478
Northern Hemisphere,,1959,0.21880598,0.16542988,0.28572974
Northern Hemisphere,,1960,0.17627771,0.12679607,0.23174669
Northern Hemisphere,,1961,0.1945644,0.15295011,0.24679936
Northern Hemisphere,,1962,0.14468923,0.10710967,0.18654552
Northern Hemisphere,,1963,0.23286793,0.19313449,0.2874403
Northern Hemisphere,,1964,0.03940077,-0.0029031835,0.09543674
Northern Hemisphere,,1965,0.016938398,-0.026234634,0.07115229
Northern Hemisphere,,1966,0.20722294,0.16328542,0.25900668
Northern Hemisphere,,1967,0.14218715,0.104048446,0.18907167
Northern Hemisphere,,1968,0.10944857,0.08415476,0.1416705
Northern Hemisphere,,1969,0.1819261,0.1591552,0.20735992
Northern Hemisphere,,1970,0.08632176,0.06812423,0.104863554
Northern Hemisphere,,1971,-0.10712941,-0.12552944,-0.0880481
Northern Hemisphere,,1972,0.064078175,0.045195084,0.08224831
Northern Hemisphere,,1973,0.11993838,0.0996945,0.1410695
Northern Hemisphere,,1974,-0.016938511,-0.039413933,0.001986024
Northern Hemisphere,,1975,-0.017919995,-0.04170418,0.0024175702
Northern Hemisphere,,1976,-0.008955159,-0.031437024,0.011289087
Northern Hemisphere,,1977,0.2038451,0.18226393,0.22323686
Northern Hemisphere,,1978,0.19038413,0.16723077,0.2105542
Northern Hemisphere,,1979,0.2840196,0.25875443,0.30368477
Northern Hemisphere,,1980,0.28577912,0.2616418,0.30149147
Northern Hemisphere,,1981,0.28982207,0.26399902,0.30460694
Northern Hemisphere,,1982,0.26362824,0.23968014,0.2796305
Northern Hemisphere,,1983,0.29785812,0.27540022,0.316195
Northern Hemisphere,,1984,0.15799606,0.13617592,0.17695853
Northern Hemisphere,,1985,0.11345212,0.09126526,0.13360967
Northern Hemisphere,,1986,0.19117457,0.16834532,0.21188682
Northern Hemisphere,,1987,0.3481504,0.3251628,0.3695188
Northern Hemisphere,,1988,0.3531859,0.33056754,0.3732414
Northern Hemisphere,,1989,0.32743335,0.30405098,0.34710416
Northern Hemisphere,,1990,0.50277096,0.4794844,0.5222232
Northern Hemisphere,,1991,0.45312962,0.4293178,0.47177547
Northern Hemisphere,,1992,0.32731834,0.3034676,0.34632128
Northern Hemisphere,,1993,0.34003976,0.31637374,0.35933778
Northern Hemisphere,,1994,0.4684192,0.4438228,0.48932353
Northern Hemisphere,,1995,0.53980166,0.51409876,0.5612874
Northern Hemisphere,,1996,0.4085863,0.38283786,0.42997763
Northern Hemisphere,,1997,0.6282771,0.6027276,0.6497553
Northern Hemisphere,,1998,0.70305914,0.6771654,0.7242577
Northern Hemisphere,,1999,0.46599036,0.4405058,0.4873102
Northern Hemisphere,,2000,0.48953357,0.46432394,0.5106821
Northern Hemisphere,,2001,0.59057623,0.5654542,0.6122254
Northern Hemisphere,,2002,0.6211844,0.596597,0.64296424
Northern Hemisphere,,2003,0.6973475,0.67287993,0.719487
Northern Hemisphere,,2004,0.71302545,0.6880036,0.73540413
Northern Hemisphere,,2005,0.7197643,0.69439465,0.7423095
Northern Hemisphere,,2006,0.67986774,0.65467185,0.7018557
Northern Hemisphere,,2007,0.6240861,0.59879243,0.64575064
Northern Hemisphere,,2008,0.5972991,0.5729294,0.61969876
Northern Hemisphere,,2009,0.6846681,0.6599495,0.70617354
Northern Hemisphere,,2010,0.7200465,0.69567955,0.74143237
Northern Hemisphere,,2011,0.57997066,0.5553321,0.60115683
Northern Hemisphere,,2012,0.6907528,0.6658007,0.7116985
Northern Hemisphere,,2013,0.7216537,0.6968762,0.7428098
Northern Hemisphere,,2014,0.87744457,0.85277134,0.89804417
Northern Hemisphere,,2015,1.0265428,1.0023441,1.047645
Northern Hemisphere,,2016,1.0192856,0.9948851,1.0397364
Northern Hemisphere,,2017,0.9464033,0.92190295,0.96717525
Northern Hemisphere,,2018,0.8956992,0.87080705,0.91614187
Northern Hemisphere,,2019,1.0249951,1.0000237,1.0461363
Northern Hemisphere,,2020,1.0964563,1.0706058,1.1172131
Northern Hemisphere,,2021,0.94553584,0.9192466,0.9663591
Northern Hemisphere,,2022,0.9858953,0.95832074,1.006525
Northern Hemisphere,,2023,1.2366055,1.2086289,1.2574372
Northern Hemisphere,,2024,1.3019115,1.2736399,1.3229865
Northern Hemisphere,,2025,1.0608047,1.0295211,1.0850905
Southern Hemisphere,,1850,-0.06482447,-0.115616985,-0.01649957
Southern Hemisphere,,1851,0.044975813,-0.0041303844,0.095657006
Southern Hemisphere,,1852,-0.005877769,-0.053173847,0.041742966
Southern Hemisphere,,1853,-0.025750512,-0.06716604,0.019751979
Southern Hemisphere,,1854,-0.104074426,-0.1443726,-0.061687976
Southern Hemisphere,,1855,-0.06390642,-0.10464958,-0.020847032
Southern Hemisphere,,1856,-0.01089483,-0.049169485,0.030650232
Southern Hemisphere,,1857,-0.19992451,-0.23686531,-0.16128948
Southern Hemisphere,,1858,-0.12115818,-0.15480673,-0.08215178
Southern Hemisphere,,1859,0.00069055567,-0.03168587,0.039471783
Southern Hemisphere,,1860,0.04541614,0.013336276,0.08414349
Southern Hemisphere,,1861,-0.13794424,-0.17160946,-0.098984815
Southern Hemisphere,,1862,-0.03246589,-0.06280456,0.004078116
Southern Hemisphere,,1863,-0.025829779,-0.056571584,0.011397708
Southern Hemisphere,,1864,-0.11074052,-0.13978915,-0.07292116
Southern Hemisphere,,1865,0.04379327,0.0154071925,0.080802515
Southern Hemisphere,,1866,0.05623981,0.027413584,0.09256757
Southern Hemisphere,,1867,0.03947482,0.012897703,0.07589193
Southern Hemisphere,,1868,0.0062769153,-0.020309446,0.04086215
Southern Hemisphere,,1869,-0.08446575,-0.11207942,-0.05091484
Southern Hemisphere,,1870,-0.011192047,-0.03717215,0.022055535
Southern Hemisphere,,1871,0.059424922,0.03518065,0.0919846
Southern Hemisphere,,1872,0.04936323,0.024873314,0.082389235
Southern Hemisphere,,1873,0.00034645773,-0.02512092,0.030640071
Southern Hemisphere,,1874,-0.12165633,-0.14661591,-0.08965931
Southern Hemisphere,,1875,0.056861646,0.02925662,0.089821115
Southern Hemisphere,,1876,-0.10324659,-0.13046387,-0.07174807
Southern Hemisphere,,1877,0.17152396,0.14204381,0.20233124
Southern Hemisphere,,1878,0.20079967,0.17136702,0.23442191
Southern Hemisphere,,1879,0.093616664,0.063952565,0.12561318
Southern Hemisphere,,1880,0.09273449,0.06066101,0.12577054
Southern Hemisphere,,1881,0.15829599,0.12525554,0.19137964
Southern Hemisphere,,1882,0.12397703,0.08676195,0.157613
Southern Hemisphere,,1883,0.09158801,0.05835181,0.12504464
Southern Hemisphere,,1884,-0.032641202,-0.06755852,0.0016885725
Southern Hemisphere,,1885,-0.09824129,-0.13305281,-0.061925337
Southern Hemisphere,,1886,-0.090321764,-0.12713154,-0.050388012
Southern Hemisphere,,1887,-0.1789421,-0.21937893,-0.1385674
Southern Hemisphere,,1888,-0.05212944,-0.09280559,-0.01348086
Southern Hemisphere,,1889,0.08383129,0.04233922,0.12446389
Southern Hemisphere,,1890,-0.14962666,-0.19340296,-0.106682
Southern Hemisphere,,1891,-0.04917939,-0.092469186,-0.005078009
Southern Hemisphere,,1892,-0.11139256,-0.15522377,-0.06915937
Southern Hemisphere,,1893,-0.078497805,-0.12545083,-0.034430433
Southern Hemisphere,,1894,-0.10490745,-0.15310748,-0.058406137
Southern Hemisphere,,1895,-0.08462708,-0.13694526,-0.034355715
Southern Hemisphere,,1896,0.09509292,0.04216822,0.1469617
Southern Hemisphere,,1897,0.024819618,-0.027875328,0.07802107
Southern Hemisphere,,1898,-0.25152332,-0.3078655,-0.19651634
Southern Hemisphere,,1899,-0.06446653,-0.12259579,-0.009827528
Southern Hemisphere,,1900,-0.051022902,-0.1097048,0.004116646
Southern Hemisphere,,1901,-0.14938332,-0.20887709,-0.090308554
Southern Hemisphere,,1902,-0.19185202,-0.25492093,-0.13138026
Southern Hemisphere,,1903,-0.3261578,-0.3906514,-0.26270467
Southern Hemisphere,,1904,-0.31241283,-0.3783943,-0.24577333
Southern Hemisphere,,1905,-0.1533151,-0.22087687,-0.09041033
Southern Hemisphere,,1906,-0.113157734,-0.18373367,-0.04529387
Southern Hemisphere,,1907,-0.17961407,-0.22973055,-0.109233536
Southern Hemisphere,,1908,-0.30466947,-0.3454519,-0.23629777
Southern Hemisphere,,1909,-0.3352939,-0.37083152,-0.27058578
Southern Hemisphere,,1910,-0.30977264,-0.35261685,-0.2559695
Southern Hemisphere,,1911,-0.3903183,-0.43910703,-0.33797005
Southern Hemisphere,,1912,-0.15999384,-0.21157986,-0.10561278
Southern Hemisphere,,1913,-0.11613453,-0.17134385,-0.06279698
Southern Hemisphere,,1914,-0.018509611,-0.074399866,0.046827715
Southern Hemisphere,,1915,0.029868519,-0.028073497,0.10027409
Southern Hemisphere,,1916,-0.0947834,-0.162929,-0.02278395
Southern Hemisphere,,1917,-0.13793243,-0.2036537,-0.05975592
Southern Hemisphere,,1918,-0.012125271,-0.08640197,0.07412044
Southern Hemisphere,,1919,-0.024192115,-0.09330892,0.06698622
Southern Hemisphere,,1920,0.08845361,0.021572301,0.17640448
Southern Hemisphere,,1921,0.0091073,-0.05639313,0.10181118
Southern Hemisphere,,1922,-0.08566509,-0.1466927,0.0027848135
Southern Hemisphere,,1923,-0.029048251,-0.09495785,0.061499912
Southern Hemisphere,,1924,-0.07449965,-0.13934028,0.024052046
Southern Hemisphere,,1925,-0.012586884,-0.077133,0.07586575
Southern Hemisphere,,1926,0.052557357,-0.0154438615,0.14268161
Southern Hemisphere,,1927,-0.03204422,-0.09782384,0.065725796
Southern Hemisphere,,1928,-0.03070956,-0.09787029,0.067263454
Southern Hemisphere,,1929,-0.11369253,-0.18480545,-0.012227406
Southern Hemisphere,,1930,0.0027105908,-0.06859327,0.11130371
Southern Hemisphere,,1931,0.10253377,0.031621873,0.20411055
Southern Hemisphere,,1932,0.056904774,-0.011065599,0.16111165
Southern Hemisphere,,1933,-0.06351135,-0.12878199,0.04062071
Southern Hemisphere,,1934,0.06077761,-0.0060374513,0.15646447
Southern Hemisphere,,1935,0.01809483,-0.046956886,0.12540568
Southern Hemisphere,,1936,0.013359373,-0.051282976,0.10644655
Southern Hemisphere,,1937,0.15281636,0.08707785,0.24887694
Southern Hemisphere,,1938,0.13655767,0.076620735,0.23359218
Southern Hemisphere,,1939,0.17802244,0.1096863,0.27872655
Southern Hemisphere,,1940,0.3265822,0.24632846,0.42258835
Southern Hemisphere,,1941,0.27205428,0.04852776,0.49048686
Southern Hemisphere,,1942,0.220667,-0.010758243,0.43947414
Southern Hemisphere,,1943,0.26698253,0.034141414,0.486572
Southern Hemisphere,,1944,0.436201,0.20141026,0.6574994
Southern Hemisphere,,1945,0.38617784,0.15189262,0.6076397
Southern Hemisphere,,1946,0.07375596,-0.093444146,0.20235977
Southern Hemisphere,,1947,0.06588284,-0.10289641,0.20391867
Southern Hemisphere,,1948,0.053052194,-0.10934487,0.20476976
Southern Hemisphere,,1949,0.11310689,-0.034115378,0.25687745
Southern Hemisphere,,1950,0.05930498,-0.06930539,0.20522214
Southern Hemisphere,,1951,0.084586844,-0.023773178,0.2229004
Southern Hemisphere,,1952,0.29257905,0.20115738,0.42936593
Southern Hemisphere,,1953,0.31209192,0.22500029,0.43762517
Southern Hemisphere,,1954,0.09465812,0.0056877024,0.22010736
Southern Hemisphere,,1955,0.0032630453,-0.07969446,0.11088092
Southern Hemisphere,,1956,0.07212132,-0.008273899,0.16712807
Southern Hemisphere,,1957,0.25345612,0.18295044,0.33040366
Southern Hemisphere,,1958,0.2030248,0.13194011,0.29107437
Southern Hemisphere,,1959,0.19336379,0.12913832,0.2830168
Southern Hemisphere,,1960,0.15175684,0.08812996,0.22492407
Southern Hemisphere,,1961,0.23835902,0.18906252,0.31232685
Southern Hemisphere,,1962,0.1772964,0.13028537,0.2388072
Southern Hemisphere,,1963,0.18073851,0.13551192,0.24270336
Southern Hemisphere,,1964,-0.03828205,-0.08175448,0.017987872
Southern Hemisphere,,1965,0.059321005,0.01580164,0.11246756
Southern Hemisphere,,1966,0.08178802,0.036382686,0.13232055
Southern Hemisphere,,1967,0.023307981,-0.015752554,0.06477221
Southern Hemisphere,,1968,0.06471855,0.03247835,0.102171764
Southern Hemisphere,,1969,0.33139443,0.3028822,0.3660564
Southern Hemisphere,,1970,0.20470843,0.17936085,0.23413871
Southern Hemisphere,,1971,0.08530423,0.06137703,0.11073367
Southern Hemisphere,,1972,0.3822262,0.35957646,0.4052108
Southern Hemisphere,,1973,0.3902011,0.36871424,0.41590035
Southern Hemisphere,,1974,0.2182402,0.19563743,0.24104042
Southern Hemisphere,,1975,0.20601863,0.18034837,0.2292571
Southern Hemisphere,,1976,0.23780085,0.21304822,0.2600885
Southern Hemisphere,,1977,0.43933624,0.41663325,0.4599615
Southern Hemisphere,,1978,0.34008026,0.31633237,0.360847
Southern Hemisphere,,1979,0.4773545,0.45396212,0.4957554
Southern Hemisphere,,1980,0.4651419,0.44080883,0.48298207
Southern Hemisphere,,1981,0.4127717,0.38736308,0.4300838
Southern Hemisphere,,1982,0.40723848,0.3818762,0.4244901
Southern Hemisphere,,1983,0.5551278,0.5294437,0.57366955
Southern Hemisphere,,1984,0.43025115,0.40416545,0.44976866
Southern Hemisphere,,1985,0.4365911,0.41151506,0.45603624
Southern Hemisphere,,1986,0.42259783,0.39810878,0.44301352
Southern Hemisphere,,1987,0.57721776,0.5524878,0.5989061
Southern Hemisphere,,1988,0.5268435,0.5019868,0.5475208
Southern Hemisphere,,1989,0.46659172,0.44076768,0.488083
Southern Hemisphere,,1990,0.54454255,0.5186234,0.5679384
Southern Hemisphere,,1991,0.55587775,0.529474,0.5792002
Southern Hemisphere,,1992,0.48409474,0.45713937,0.50688183
Southern Hemisphere,,1993,0.5312259,0.50338244,0.55424947
Southern Hemisphere,,1994,0.48194566,0.45266524,0.50550056
Southern Hemisphere,,1995,0.52615505,0.49613744,0.5490882
Southern Hemisphere,,1996,0.5307165,0.500007,0.5522183
Southern Hemisphere,,1997,0.67795366,0.6469607,0.7018081
Southern Hemisphere,,1998,0.77906257,0.7470439,0.80188656
Southern Hemisphere,,1999,0.54618716,0.5157894,0.5690009
Southern Hemisphere,,2000,0.53061223,0.50119215,0.55487
Southern Hemisphere,,2001,0.65317404,0.62480956,0.67738926
Southern Hemisphere,,2002,0.7056381,0.6774553,0.7289049
Southern Hemisphere,,2003,0.684171,0.65609837,0.706528
Southern Hemisphere,,2004,0.62920135,0.6009561,0.6510339
Southern Hemisphere,,2005,0.6457948,0.6186171,0.6669985
Southern Hemisphere,,2006,0.6398485,0.6128427,0.6606118
Southern Hemisphere,,2007,0.5678158,0.5399405,0.5887514
Southern Hemisphere,,2008,0.54234666,0.515305,0.5640924
Southern Hemisphere,,2009,0.7442789,0.71705735,0.7663005
Southern Hemisphere,,2010,0.7234703,0.69636905,0.74515533
Southern Hemisphere,,2011,0.6437464,0.6155193,0.6656259
Southern Hemisphere,,2012,0.6769839,0.6487459,0.69942397
Southern Hemisphere,,2013,0.6907815,0.6618278,0.71353424
Southern Hemisphere,,2014,0.74400884,0.7161947,0.76596874
Southern Hemisphere,,2015,0.85761034,0.83038944,0.87699926
Southern Hemisphere,,2016,0.9029565,0.87537056,0.92134523
Southern Hemisphere,,2017,0.8221746,0.79496574,0.84104604
Southern Hemisphere,,2018,0.7981994,0.7704572,0.81626654
Southern Hemisphere,,2019,0.85454375,0.82720643,0.8730208
Southern Hemisphere,,2020,0.78311497,0.7557457,0.8009211
Southern Hemisphere,,2021,0.7707236,0.74320865,0.78832895
Southern Hemisphere,,2022,0.8256906,0.7967684,0.8438481
Southern Hemisphere,,2023,1.074629,1.045252,1.0938783
Southern Hemisphere,,2024,1.0645921,1.0356272,1.0844043
Southern Hemisphere,,2025,1.0947194,1.0641237,1.1120157
World,OWID_WRL,1850,-0.034500163,-0.10135727,0.013704068
World,OWID_WRL,1851,0.08124678,0.01698325,0.13086516
World,OWID_WRL,1852,0.08944216,0.029734237,0.13770182
World,OWID_WRL,1853,0.061731562,0.009362417,0.10752623
World,OWID_WRL,1854,0.002414416,-0.048582852,0.04686209
World,OWID_WRL,1855,0.030011898,-0.018945586,0.07485215
World,OWID_WRL,1856,-0.033830654,-0.08078821,0.0093377745
World,OWID_WRL,1857,-0.1566196,-0.2004416,-0.116253614
World,OWID_WRL,1858,-0.13255432,-0.17296763,-0.09071692
World,OWID_WRL,1859,-0.0085761035,-0.047926333,0.031638168
World,OWID_WRL,1860,0.03284046,-0.0031418079,0.071202114
World,OWID_WRL,1861,-0.0945001,-0.12946993,-0.05568188
World,OWID_WRL,1862,-0.12824263,-0.16037019,-0.09057807
World,OWID_WRL,1863,-0.05919637,-0.09153939,-0.02154413
World,OWID_WRL,1864,-0.09956113,-0.13005538,-0.06215714
World,OWID_WRL,1865,0.055906262,0.026162209,0.091786
World,OWID_WRL,1866,0.061885983,0.030710202,0.0994944
World,OWID_WRL,1867,0.063389376,0.035609234,0.098535046
World,OWID_WRL,1868,0.052943435,0.025025748,0.087288946
World,OWID_WRL,1869,-0.015384891,-0.04532839,0.01910756
World,OWID_WRL,1870,0.043208767,0.014780159,0.0780254
World,OWID_WRL,1871,0.037728056,0.010100952,0.06900009
World,OWID_WRL,1872,0.024498286,-0.002488769,0.0577749
World,OWID_WRL,1873,-0.026061285,-0.053381238,0.0041346345
World,OWID_WRL,1874,-0.12390001,-0.15059575,-0.09319008
World,OWID_WRL,1875,0.027729858,-0.0029659555,0.06317435
World,OWID_WRL,1876,-0.077401705,-0.10817877,-0.042970426
World,OWID_WRL,1877,0.24258348,0.21044165,0.2762065
World,OWID_WRL,1878,0.26287317,0.2325432,0.29988775
World,OWID_WRL,1879,0.07010105,0.036241528,0.10597653
World,OWID_WRL,1880,0.0649426,0.027822504,0.09993355
World,OWID_WRL,1881,0.11592282,0.07875293,0.1540327
World,OWID_WRL,1882,0.052969337,0.0100103915,0.091353886
World,OWID_WRL,1883,0.020282824,-0.01875934,0.055879127
World,OWID_WRL,1884,-0.086793445,-0.12762189,-0.05042867
World,OWID_WRL,1885,-0.07182676,-0.113131344,-0.033105824
World,OWID_WRL,1886,-0.08561159,-0.12955503,-0.04555884
World,OWID_WRL,1887,-0.15478048,-0.20413692,-0.11462899
World,OWID_WRL,1888,0.016383518,-0.032362405,0.05444411
World,OWID_WRL,1889,0.10028435,0.051467374,0.14238355
World,OWID_WRL,1890,-0.16932338,-0.22211789,-0.1254678
World,OWID_WRL,1891,-0.0103076985,-0.06376136,0.03351406
World,OWID_WRL,1892,-0.15132311,-0.2066552,-0.10685383
World,OWID_WRL,1893,-0.14623038,-0.20595942,-0.099737525
World,OWID_WRL,1894,-0.1703185,-0.23070157,-0.1273924
World,OWID_WRL,1895,-0.08120604,-0.14536387,-0.029303212
World,OWID_WRL,1896,0.1126564,0.047797628,0.16606493
World,OWID_WRL,1897,0.067424886,0.0016309991,0.11794127
World,OWID_WRL,1898,-0.16708775,-0.23731539,-0.11219138
World,OWID_WRL,1899,-0.044148095,-0.11571171,0.011191939
World,OWID_WRL,1900,0.035545267,-0.036664046,0.0916388
World,OWID_WRL,1901,-0.09147878,-0.16636245,-0.034064144
World,OWID_WRL,1902,-0.1798142,-0.25909856,-0.11868665
World,OWID_WRL,1903,-0.30093473,-0.3832842,-0.23880595
World,OWID_WRL,1904,-0.33072335,-0.41337445,-0.26456138
World,OWID_WRL,1905,-0.16349627,-0.24785237,-0.10295706
World,OWID_WRL,1906,-0.11152341,-0.20106618,-0.04199232
World,OWID_WRL,1907,-0.2015372,-0.2657935,-0.13058987
World,OWID_WRL,1908,-0.30655393,-0.35380766,-0.23382455
World,OWID_WRL,1909,-0.32602587,-0.36286756,-0.2568187
World,OWID_WRL,1910,-0.32284963,-0.36686406,-0.26654148
World,OWID_WRL,1911,-0.32403946,-0.3720959,-0.26676926
World,OWID_WRL,1912,-0.18767281,-0.23767884,-0.12764552
World,OWID_WRL,1913,-0.22200237,-0.27381197,-0.16538686
World,OWID_WRL,1914,-0.07668262,-0.12811248,-0.006642635
World,OWID_WRL,1915,0.036171634,-0.018284665,0.10988142
World,OWID_WRL,1916,-0.15248811,-0.20910703,-0.080721565
World,OWID_WRL,1917,-0.19764891,-0.25341165,-0.12477674
World,OWID_WRL,1918,-0.15158421,-0.20981373,-0.07232837
World,OWID_WRL,1919,-0.10713538,-0.16634211,-0.021364545
World,OWID_WRL,1920,-0.025855238,-0.08522048,0.055464562
World,OWID_WRL,1921,-0.0006103751,-0.058592938,0.09213462
World,OWID_WRL,1922,-0.08244115,-0.1392907,0.00602071
World,OWID_WRL,1923,-0.057474367,-0.11709166,0.03345582
World,OWID_WRL,1924,-0.051502556,-0.11018036,0.044546537
World,OWID_WRL,1925,-0.00853667,-0.06723077,0.07853443
World,OWID_WRL,1926,0.116668135,0.05620612,0.20761177
World,OWID_WRL,1927,0.043089185,-0.017200092,0.14046223
World,OWID_WRL,1928,0.010756825,-0.0502726,0.11063441
World,OWID_WRL,1929,-0.058500018,-0.12144427,0.03827959
World,OWID_WRL,1930,0.094915785,0.031986035,0.19882542
World,OWID_WRL,1931,0.14997156,0.083913766,0.24660556
World,OWID_WRL,1932,0.066905715,0.0033754397,0.17193702
World,OWID_WRL,1933,-0.005461596,-0.06520247,0.08947272
World,OWID_WRL,1934,0.050465807,-0.008469437,0.1422393
World,OWID_WRL,1935,0.045152042,-0.012289626,0.14881168
World,OWID_WRL,1936,0.08471716,0.025416438,0.16887844
World,OWID_WRL,1937,0.22485797,0.16489686,0.31691664
World,OWID_WRL,1938,0.14470102,0.086271726,0.23530605
World,OWID_WRL,1939,0.15658718,0.09173575,0.2507162
World,OWID_WRL,1940,0.24539724,0.16573448,0.3459031
World,OWID_WRL,1941,0.2556546,0.031358678,0.47453716
World,OWID_WRL,1942,0.29966262,0.06874002,0.5141241
World,OWID_WRL,1943,0.294882,0.063383095,0.5093803
World,OWID_WRL,1944,0.4492407,0.22050749,0.6641299
World,OWID_WRL,1945,0.4461924,0.2153041,0.65994436
World,OWID_WRL,1946,0.17016548,0.022114534,0.3096728
World,OWID_WRL,1947,0.10829048,-0.046273183,0.23501016
World,OWID_WRL,1948,0.1221,-0.02799592,0.25160682
World,OWID_WRL,1949,0.13656013,0.012399189,0.24637929
World,OWID_WRL,1950,0.11907302,0.016678272,0.22425069
World,OWID_WRL,1951,0.22131547,0.14334606,0.32326508
World,OWID_WRL,1952,0.31631616,0.24859978,0.4229454
World,OWID_WRL,1953,0.33068496,0.262981,0.4256235
World,OWID_WRL,1954,0.14438254,0.07518147,0.23213437
World,OWID_WRL,1955,0.069451414,0.0002751786,0.14892948
World,OWID_WRL,1956,0.05625808,-0.013794002,0.13422199
World,OWID_WRL,1957,0.26090115,0.19555198,0.32678235
World,OWID_WRL,1958,0.28382623,0.21840668,0.3543932
World,OWID_WRL,1959,0.22702752,0.1713769,0.30242234
World,OWID_WRL,1960,0.18562378,0.1328021,0.24690779
World,OWID_WRL,1961,0.23609976,0.19107153,0.29739106
World,OWID_WRL,1962,0.18119821,0.14002997,0.2305487
World,OWID_WRL,1963,0.22842085,0.18608992,0.28652972
World,OWID_WRL,1964,0.020310076,-0.022287453,0.076880075
World,OWID_WRL,1965,0.056117773,0.013525859,0.110318236
World,OWID_WRL,1966,0.16674942,0.1242026,0.21629101
World,OWID_WRL,1967,0.10692678,0.06857164,0.15116318
World,OWID_WRL,1968,0.1085558,0.08060009,0.14290178
World,OWID_WRL,1969,0.27350163,0.24887732,0.30345693
World,OWID_WRL,1970,0.16430452,0.14312653,0.18770207
World,OWID_WRL,1971,0.005548208,-0.015424695,0.026867898
World,OWID_WRL,1972,0.24144687,0.22142147,0.26176992
World,OWID_WRL,1973,0.27255782,0.25265262,0.2947831
World,OWID_WRL,1974,0.11619609,0.09384643,0.13581012
World,OWID_WRL,1975,0.10941788,0.08515966,0.13057701
World,OWID_WRL,1976,0.13013922,0.10669842,0.15066046
World,OWID_WRL,1977,0.33981153,0.31866568,0.3590991
World,OWID_WRL,1978,0.2821734,0.25929707,0.30200082
World,OWID_WRL,1979,0.39987186,0.3749378,0.41779545
World,OWID_WRL,1980,0.39489678,0.37124044,0.4109655
World,OWID_WRL,1981,0.36901453,0.34349293,0.3842671
World,OWID_WRL,1982,0.35152853,0.3270489,0.36763194
World,OWID_WRL,1983,0.44657654,0.42279536,0.46421176
World,OWID_WRL,1984,0.31424874,0.29023492,0.33189204
World,OWID_WRL,1985,0.29801524,0.27471483,0.31742543
World,OWID_WRL,1986,0.3273202,0.30411166,0.3473993
World,OWID_WRL,1987,0.48357424,0.4603583,0.50489837
World,OWID_WRL,1988,0.45819965,0.43612704,0.47899655
World,OWID_WRL,1989,0.4158843,0.39242285,0.436912
World,OWID_WRL,1990,0.5414753,0.51812416,0.56228346
World,OWID_WRL,1991,0.52147496,0.4965006,0.54121166
World,OWID_WRL,1992,0.4234157,0.39856222,0.4427874
World,OWID_WRL,1993,0.4531288,0.42899352,0.47292355
World,OWID_WRL,1994,0.49285683,0.46799973,0.5139645
World,OWID_WRL,1995,0.54897434,0.5228927,0.5700584
World,OWID_WRL,1996,0.48799753,0.46150184,0.508607
World,OWID_WRL,1997,0.66995555,0.64297885,0.6906027
World,OWID_WRL,1998,0.7590796,0.73221743,0.7803057
World,OWID_WRL,1999,0.5237421,0.49756294,0.54454595
World,OWID_WRL,2000,0.52877486,0.5022987,0.5496795
World,OWID_WRL,2001,0.6398127,0.6138033,0.661635
World,OWID_WRL,2002,0.68132573,0.65457624,0.70246387
World,OWID_WRL,2003,0.70751846,0.68123466,0.7287456
World,OWID_WRL,2004,0.68603146,0.6599332,0.7075975
World,OWID_WRL,2005,0.6972173,0.6713487,0.71851933
World,OWID_WRL,2006,0.6736037,0.64801925,0.6942931
World,OWID_WRL,2007,0.6085993,0.5827993,0.6289821
World,OWID_WRL,2008,0.5818713,0.5567808,0.60273176
World,OWID_WRL,2009,0.73146224,0.7065487,0.75221026
World,OWID_WRL,2010,0.7358095,0.71125364,0.7557657
World,OWID_WRL,2011,0.628909,0.6039666,0.64985836
World,OWID_WRL,2012,0.6997647,0.6738867,0.7205823
World,OWID_WRL,2013,0.7255189,0.69954056,0.7468845
World,OWID_WRL,2014,0.82741886,0.80190635,0.84786797
World,OWID_WRL,2015,0.95313835,0.9283285,0.97312284
World,OWID_WRL,2016,0.971983,0.9467998,0.9913942
World,OWID_WRL,2017,0.8953552,0.87008244,0.9149649
World,OWID_WRL,2018,0.8587926,0.8331804,0.8775546
World,OWID_WRL,2019,0.95236444,0.926217,0.9711923
World,OWID_WRL,2020,0.94831026,0.92193574,0.96665007
World,OWID_WRL,2021,0.8714888,0.8450716,0.8896977
World,OWID_WRL,2022,0.9209916,0.8935597,0.9396138
World,OWID_WRL,2023,1.1727471,1.1450604,1.1910019
World,OWID_WRL,2024,1.1951554,1.1673468,1.2139721
World,OWID_WRL,2025,1.0913761,1.0629759,1.1120696